{
    "precision_score": 0.8920860658757644,
    "recall_score": 0.92342015941421,
    "f1_score": 0.9074827127410378
}